Group hierarchy,Region,Description,Service,Upfront,Monthly,First 12 months total,Currency,Configuration summary
My Estimate,US East (N. Virginia),,Amazon EC2,0,2187.2,26246.40,USD,"Operating system (Linux), Quantity (4), Pricing strategy (Standard Reserved Instances  ), Storage for each EC2 instance (General Purpose SSD (gp2)), Storage amount (650 GB), Instance type (r5ad.4xlarge)"
My Estimate,US East (N. Virginia),,Amazon EC2,0,2631.64,31579.68,USD,"Operating system (Linux), Quantity (4), Pricing strategy (Standard Reserved Instances  ), Storage for each EC2 instance (General Purpose SSD (gp2)), Storage amount (250 GB), Instance type (c5ad.8xlarge)"
My Estimate,US East (N. Virginia),,Amazon EC2,0,1282,15384.00,USD,"Operating system (Linux), Quantity (4), Pricing strategy (On-Demand Instances  ), Storage for each EC2 instance (General Purpose SSD (gp2)), Storage amount (650 GB), Instance type (m1.xlarge)"
My Estimate,US East (N. Virginia),,Amazon Aurora MySQL-Compatible,0,2402.1,28825.20,USD,"Change records per statement (0.38), Storage amount (100 GB), Number of I/Os per month in millions (1000), Additional backup storage (100 GB)"
My Estimate,US East (N. Virginia),,Amazon Route 53,0,152.5,1830.00,USD,Hosted Zones (1)
My Estimate,US East (N. Virginia),,Elastic Load Balancing,0,89.43,1073.16,USD,Number of Application Load Balancers (1)
My Estimate,US East (N. Virginia),,Elastic Load Balancing,0,64.61,775.32,USD,"Number of Network Load Balancers (1), Processed bytes per NLB for TCP (10 GB per hour), Average number of new TCP connections (100 per second), Average TCP connection duration (100 seconds), Processed bytes per NLB for UDP (1 GB per hour), Average number of new UDP Flows (100 per second), Average UDP Flow duration (100 seconds)"
My Estimate,US East (N. Virginia),,S3 Standard,0,75.07,900.84,USD,S3 Standard storage (2000 GB per month)
My Estimate,US East (N. Virginia),,Data Transfer,0,92.07,1104.84,USD,"Data Transfer, Data transfer cost (92.07)"
My Estimate,US East (N. Virginia),,Amazon Elastic IP,0,43.8,525.60,USD,"Number of EC2 instances (12), Number of EIPs per instance (2)"
My Estimate,US East (N. Virginia),,AWS Data Transfer,0,184.23,2210.76,USD,"Data Transfer, Data transfer cost (184.23)"
My Estimate,US East (N. Virginia),,Amazon CloudWatch,0,150.103,1801.24,USD,
My Estimate,US East (N. Virginia),,Amazon CodeGuru Reviewer,0,2100,25200.00,USD,"Number of developers in your team or organization (80), Average pull requests submitted by one developer in one month (100), Average files included in one pull request (5), Average lines of code (LOC) in one file (10), Average revisions created for each pull request (2), Average lines of code in subsequent revision of pull request (10)"
My Estimate,US East (N. Virginia),,AWS Web Application Firewall (WAF),0,1800,21600.00,USD,"Number of Web Access Control Lists (Web ACLs) utilized (100 per month), Number of Rules added per Web ACL (100 per month), Number of Rule Groups per Web ACL (100 per month), Number of Rules inside each Rule Group (4 per month), Number of Managed Rule Groups (100 per month)"
My Estimate,US East (N. Virginia),,Amazon Elasticsearch Service,0,4856.030000000001,58272.36,USD,"Storage amount (30 GB), Storage for each Elasticsearch instance (General Purpose SSD (gp2)), Managed storage amount (per UltraWarm instance) (1.5 TB), UltraWarm storage cost (73.73), ( 1 instances of type c4 2xlarge.elasticsearch  Compute optimized  OnDemand  EBS Only ), ( 1 instances of type c4 2xlarge.elasticsearch  Compute optimized  OnDemand  EBS Only ), Number of nodes (2), Instance type (ultrawarm1.large.elasticsearch), Number of instances (2)"
My Estimate,US East (N. Virginia),,AWS CloudTrail,0,460,5520.00,USD,"Management events units (millions), Write management trails (1), Read management trails (1), Data events units (millions), S3 trails (1), Lambda trails (1), Insight events units (millions), Trails with Insight events (1), Write management events (100 per month), Read management events (10000 per month), S3 operations (100 per month), Lambda data events (10 per month), Number of write management events analyzed (100 per month)"
My Estimate,US East (N. Virginia),,AWS Config,0,311.2,3734.40,USD,"Number of Configuration items recorded (100000), Number of Config rule evaluations (10000), Number of Conformance pack evaluations (1000)"
My Estimate,US East (N. Virginia),,AWS CodeDeploy,0,160,1920.00,USD,"Number of on-premise instances (200), Number of deployments (40 per month)"



"AWS Pricing Calculator provides only an estimate of your AWS fees and doesn't include any taxes that might apply. Your actual fees depend on a variety of factors, including your actual usage of AWS services."
