Group hierarchy,Region,Description,Service,Upfront,Monthly,First 12 months total,Currency,Configuration summary
My Estimate,US East (N. Virginia),,Amazon EC2,0,2043,24516,USD,"Operating system (Linux), Quantity (6), Pricing strategy (On-Demand Instances  ), Storage for each EC2 instance (General Purpose SSD (gp2)), Storage amount (850 GB), Instance type (m1.xlarge)"
My Estimate,US East (N. Virginia),,Amazon EC2,0,2488,29851.2,USD,"Operating system (Linux), Quantity (6), Pricing strategy (On-Demand Instances  ), Storage for each EC2 instance (General Purpose SSD (gp2)), Storage amount (350 GB), Instance type (c1.xlarge)"
My Estimate,US East (N. Virginia),,Amazon Aurora MySQL-Compatible,0,3597,43166.4,USD,"Change records per statement (0.38), ( 2 instances of type db.r5.4xlarge  Memory optimized  OnDemand ), Storage amount (100 GB), Number of I/Os per month in millions (1000)"
My Estimate,US East (N. Virginia),,Amazon Route 53,0,102,1226.4,USD,Hosted Zones (1)
My Estimate,US East (N. Virginia),,Elastic Load Balancing,0,69,827.88,USD,Number of Application Load Balancers (1)
My Estimate,US East (N. Virginia),,Elastic Load Balancing,0,60,722.76,USD,"Number of Network Load Balancers (1), Processed bytes per NLB for TCP (10 GB per hour), Average number of new TCP connections (500 per second), Average TCP connection duration (10 seconds)"
My Estimate,US East (N. Virginia),,S3 Standard,0,30,360.84,USD,S3 Standard storage (1000 GB per month)
My Estimate,US East (N. Virginia),,Data Transfer,0,92,1104.84,USD,"Data Transfer, Data transfer cost (92.07)"
My Estimate,US East (N. Virginia),,Amazon Elastic IP,0,44,525.6,USD,"Number of EC2 instances (12), Number of EIPs per instance (2)"
My Estimate,US East (N. Virginia),,Amazon CloudWatch,0,37,444,USD,
My Estimate,US East (N. Virginia),,Amazon Virtual Private Cloud (VPC),0,75,896.4,USD,Number of NAT Gateways (2)
,,,Monthly estimate,,8637,,,
,,,,,,,,
,,,,,,,,
"AWS Pricing Calculator provides only an estimate of your AWS fees and doesn't include any taxes that might apply. Your actual fees depend on a variety of factors, including your actual usage of AWS services.",,,,,,,,
