Group hierarchy,Region,Description,Service,Upfront,Monthly,First 12 months total,Currency,Configuration summary
My Estimate,US East (N. Virginia),,Amazon EC2,0,914.08,10968.96,USD,"Operating system (Linux), Quantity (4), Pricing strategy (Standard Reserved Instances 1 Year No Upfront), Storage for each EC2 instance (General Purpose SSD (gp2)), Storage amount (650 GB), Instance type (m1.xlarge)"
My Estimate,US East (N. Virginia),,Amazon EC2,0,1162.88,13954.56,USD,"Operating system (Linux), Quantity (4), Pricing strategy (Standard Reserved Instances 1 Year No Upfront), Storage for each EC2 instance (General Purpose SSD (gp2)), Storage amount (250 GB), Instance type (c1.xlarge)"
My Estimate,US East (N. Virginia),,Amazon EC2,0,1282,15384.00,USD,"Operating system (Linux), Quantity (4), Pricing strategy (On-Demand Instances  ), Storage for each EC2 instance (General Purpose SSD (gp2)), Storage amount (650 GB), Instance type (m1.xlarge)"
My Estimate,US East (N. Virginia),,Amazon Aurora MySQL-Compatible,0,2402.1,28825.20,USD,"Change records per statement (0.38), Storage amount (100 GB), Number of I/Os per month in millions (1000), Additional backup storage (100 GB)"
My Estimate,US East (N. Virginia),,Amazon Route 53,0,152.5,1830.00,USD,Hosted Zones (1)
My Estimate,US East (N. Virginia),,Elastic Load Balancing,0,89.43,1073.16,USD,Number of Application Load Balancers (1)
My Estimate,US East (N. Virginia),,Elastic Load Balancing,0,64.61,775.32,USD,"Number of Network Load Balancers (1), Processed bytes per NLB for TCP (10 GB per hour), Average number of new TCP connections (100 per second), Average TCP connection duration (100 seconds), Processed bytes per NLB for UDP (1 GB per hour), Average number of new UDP Flows (100 per second), Average UDP Flow duration (100 seconds)"
My Estimate,US East (N. Virginia),,S3 Standard,0,75.07,900.84,USD,S3 Standard storage (2000 GB per month)
My Estimate,US East (N. Virginia),,Data Transfer,0,92.07,1104.84,USD,"Data Transfer, Data transfer cost (92.07)"
My Estimate,US East (N. Virginia),,Amazon Elastic IP,0,43.8,525.60,USD,"Number of EC2 instances (12), Number of EIPs per instance (2)"
My Estimate,US East (N. Virginia),,AWS Data Transfer,0,184.23,2210.76,USD,"Data Transfer, Data transfer cost (184.23)"
My Estimate,US East (N. Virginia),,Amazon CloudWatch,0,150.103,1801.24,USD,



"AWS Pricing Calculator provides only an estimate of your AWS fees and doesn't include any taxes that might apply. Your actual fees depend on a variety of factors, including your actual usage of AWS services."
